<?xml version="1.0" encoding="UTF-8"?>
<config xmlns="http://www.knime.org/2008/09/XMLConfig" xmlns:xsi="http://www.w3.org/2001/XMLSchema-instance" xsi:schemaLocation="http://www.knime.org/2008/09/XMLConfig http://www.knime.org/XMLConfig_2008_09.xsd" key="spec.xml">
    <entry key="spec_name" type="xstring" value="default"/>
    <entry key="number_columns" type="xint" value="1"/>
    <config key="column_spec_0">
        <entry key="column_name" type="xstring" value="Magnitude Class"/>
        <config key="element_names">
            <entry key="array-size" type="xint" value="0"/>
        </config>
        <config key="column_type">
            <entry key="cell_class" type="xstring" value="org.knime.core.data.def.StringCell"/>
        </config>
        <config key="column_domain">
            <config key="possible_values">
                <entry key="array-size" type="xint" value="5"/>
                <config key="0">
                    <entry key="datacell" type="xstring" value="org.knime.core.data.def.StringCell"/>
                    <config key="org.knime.core.data.def.StringCell">
                        <entry key="StringCell" type="xstring" value="Minor"/>
                    </config>
                </config>
                <config key="1">
                    <entry key="datacell" type="xstring" value="org.knime.core.data.def.StringCell"/>
                    <config key="org.knime.core.data.def.StringCell">
                        <entry key="StringCell" type="xstring" value="Minor to Moderate"/>
                    </config>
                </config>
                <config key="2">
                    <entry key="datacell" type="xstring" value="org.knime.core.data.def.StringCell"/>
                    <config key="org.knime.core.data.def.StringCell">
                        <entry key="StringCell" type="xstring" value="Moderate to Major"/>
                    </config>
                </config>
                <config key="3">
                    <entry key="datacell" type="xstring" value="org.knime.core.data.def.StringCell"/>
                    <config key="org.knime.core.data.def.StringCell">
                        <entry key="StringCell" type="xstring" value="Major"/>
                    </config>
                </config>
                <config key="4">
                    <entry key="datacell" type="xstring" value="org.knime.core.data.def.StringCell"/>
                    <config key="org.knime.core.data.def.StringCell">
                        <entry key="StringCell" type="xstring" value="Severe"/>
                    </config>
                </config>
            </config>
        </config>
        <config key="column_properties"/>
        <config key="color_handler">
            <entry key="color_model_class" type="xstring" value="org.knime.core.data.property.ColorModelNominal"/>
            <config key="color_model">
                <config key="keys">
                    <config key="Major">
                        <entry key="datacell" type="xstring" value="org.knime.core.data.def.StringCell"/>
                        <config key="org.knime.core.data.def.StringCell">
                            <entry key="StringCell" type="xstring" value="Major"/>
                        </config>
                    </config>
                    <config key="Minor">
                        <entry key="datacell" type="xstring" value="org.knime.core.data.def.StringCell"/>
                        <config key="org.knime.core.data.def.StringCell">
                            <entry key="StringCell" type="xstring" value="Minor"/>
                        </config>
                    </config>
                    <config key="Minor to Moderate">
                        <entry key="datacell" type="xstring" value="org.knime.core.data.def.StringCell"/>
                        <config key="org.knime.core.data.def.StringCell">
                            <entry key="StringCell" type="xstring" value="Minor to Moderate"/>
                        </config>
                    </config>
                    <config key="Moderate to Major">
                        <entry key="datacell" type="xstring" value="org.knime.core.data.def.StringCell"/>
                        <config key="org.knime.core.data.def.StringCell">
                            <entry key="StringCell" type="xstring" value="Moderate to Major"/>
                        </config>
                    </config>
                    <config key="Severe">
                        <entry key="datacell" type="xstring" value="org.knime.core.data.def.StringCell"/>
                        <config key="org.knime.core.data.def.StringCell">
                            <entry key="StringCell" type="xstring" value="Severe"/>
                        </config>
                    </config>
                </config>
                <entry key="Major" type="xint" value="-294798"/>
                <entry key="Minor" type="xint" value="-4423491"/>
                <entry key="Minor to Moderate" type="xint" value="-4989335"/>
                <entry key="Moderate to Major" type="xint" value="-8343085"/>
                <entry key="Severe" type="xint" value="-150430"/>
                <config key="palette">
                    <entry key="array-size" type="xint" value="12"/>
                    <entry key="0" type="xint" value="-294798"/>
                    <entry key="1" type="xint" value="-4423491"/>
                    <entry key="2" type="xint" value="-4989335"/>
                    <entry key="3" type="xint" value="-8343085"/>
                    <entry key="4" type="xint" value="-150430"/>
                    <entry key="5" type="xint" value="-7482425"/>
                    <entry key="6" type="xint" value="-4277542"/>
                    <entry key="7" type="xint" value="-4753"/>
                    <entry key="8" type="xint" value="-3347515"/>
                    <entry key="9" type="xint" value="-2500135"/>
                    <entry key="10" type="xint" value="-209435"/>
                    <entry key="11" type="xint" value="-77"/>
                </config>
            </config>
        </config>
        <config key="meta_data"/>
    </config>
</config>
